BLEU,ROUGE1,ROUGE2,ROUGEL,METEOR
2.8582939295509023e-06,0.47793822930472457,0.25259480834235093,0.4575007485074206,0.32324769450097773
