BLEU,ROUGE1,ROUGE2,ROUGEL,METEOR
9.962681302824863e-05,0.5686198850075579,0.335045725052283,0.5392895455530919,0.4206737619036443
