BLEU,ROUGE1,ROUGE2,ROUGEL,METEOR
0.045443671991806815,0.3283804729453932,0.09282534969588568,0.25674780878554576,0.2510261038563161
