BLEU,ROUGE1,ROUGE2,ROUGEL,METEOR
0.015116822778650583,0.17017456058708708,0.05879485946190327,0.14650444172928828,0.25142590642826346
